id,first_name,last_name,email,gender,ip_address
1,Cobby,Maureen,cmaureen0@illinois.edu,Male,30.194.97.216
2,Gardy,Coulbeck,gcoulbeck1@shop-pro.jp,Male,28.104.184.170
3,Humfried,Auguste,hauguste2@gravatar.com,Male,158.141.31.42
4,Frieda,Conneely,fconneely3@bing.com,Female,88.1.168.16
5,Suzanna,Grishenkov,sgrishenkov4@bizjournals.com,Female,101.161.135.135
6,Shea,Brandassi,sbrandassi5@4shared.com,Male,143.78.80.120
7,Clara,Lyste,clyste6@spotify.com,Female,190.105.8.216
8,Josselyn,Petrozzi,jpetrozzi7@hexun.com,Female,233.210.4.230
9,Neddy,Sore,nsore8@blogspot.com,Male,47.65.98.132
10,Jori,Gawne,jgawne9@dyndns.org,Female,176.229.139.103
11,Rosalynd,Bartaloni,rbartalonia@hao123.com,Female,82.254.143.214
12,Dix,Blackborough,dblackboroughb@networksolutions.com,Female,23.208.63.52
13,Dianna,Hugnin,dhugninc@nature.com,Female,150.35.73.138
14,Flemming,Olphert,folphertd@unc.edu,Male,118.15.13.112
15,Job,Millward,jmillwarde@dyndns.org,Male,194.95.150.220
16,Haleigh,Frantzeni,hfrantzenif@intel.com,Female,135.217.80.96
17,Jillane,Daltrey,jdaltreyg@bluehost.com,Female,108.68.99.88
18,Huberto,Peetermann,hpeetermannh@blog.com,Male,145.251.158.153
19,Tiler,Hinzer,thinzeri@whitehouse.gov,Male,103.97.153.120
20,Brunhilde,Dobrowlski,bdobrowlskij@dion.ne.jp,Female,198.126.196.76
21,Tallie,Zohrer,tzohrerk@wix.com,Female,185.248.202.2
22,Teodora,Collaton,tcollatonl@discovery.com,Female,154.118.210.9
23,Beatrisa,Hollyman,bhollymanm@google.cn,Female,130.197.143.148
24,Hewitt,Downse,hdownsen@sina.com.cn,Male,49.55.209.241
25,Myrta,Ortler,mortlero@xing.com,Female,248.132.58.16
26,Murray,Gussin,mgussinp@wix.com,Male,154.139.239.120
27,Sergent,Skoyles,sskoylesq@jimdo.com,Male,43.7.72.191
28,Doria,Bond,dbondr@netlog.com,Female,173.58.252.179
29,Ravid,Kapiloff,rkapiloffs@adobe.com,Male,66.155.223.137
30,Stanislaw,Cosgrave,scosgravet@diigo.com,Male,5.191.44.76
31,Tatiana,Ben,tbenu@tmall.com,Female,34.37.13.108
32,Siward,Palfreman,spalfremanv@studiopress.com,Male,213.197.120.64
33,Jeramie,Fawcett,jfawcettw@twitpic.com,Male,251.118.161.57
34,Brok,Almeida,balmeidax@google.com.hk,Male,181.169.222.229
35,Devlin,Messham,dmesshamy@fastcompany.com,Male,31.228.83.184
36,Ronalda,Trevallion,rtrevallionz@shutterfly.com,Female,6.227.68.151
37,Sharia,Eveque,seveque10@over-blog.com,Female,55.6.141.248
38,Eddi,Minthorpe,eminthorpe11@scientificamerican.com,Female,31.243.17.201
39,Jaclyn,Spikins,jspikins12@ebay.com,Female,240.11.50.85
40,Hashim,Selkirk,hselkirk13@dagondesign.com,Male,147.222.75.154
41,Mattias,Schrieves,mschrieves14@delicious.com,Male,182.76.92.61
42,Paxton,Robinet,probinet15@skype.com,Male,104.120.34.104
43,Alaster,Maffioni,amaffioni16@merriam-webster.com,Male,121.59.187.80
44,Ettie,Artus,eartus17@ucoz.com,Female,40.167.219.68
45,Cesaro,Nelhams,cnelhams18@godaddy.com,Male,207.1.115.182
46,Irwinn,Turtle,iturtle19@state.tx.us,Male,14.247.180.9
47,Immanuel,Dixon,idixon1a@shinystat.com,Male,254.233.194.246
48,Gunar,Bolwell,gbolwell1b@netvibes.com,Male,232.168.19.180
49,Bradly,Syvret,bsyvret1c@microsoft.com,Male,35.63.33.171
50,Raleigh,Lingard,rlingard1d@squarespace.com,Male,102.253.135.85
51,Brose,Waud,bwaud1e@taobao.com,Male,12.153.229.250
52,Jamie,Steanson,jsteanson1f@thetimes.co.uk,Male,113.96.245.241
53,Luciano,Andrick,landrick1g@patch.com,Male,224.148.142.152
54,Rheta,Jauncey,rjauncey1h@vinaora.com,Female,18.89.124.71
55,Nicola,Antonsen,nantonsen1i@blinklist.com,Male,53.135.182.160
56,Mignon,Nimmo,mnimmo1j@examiner.com,Female,63.17.121.220
57,Goldarina,Brisseau,gbrisseau1k@fastcompany.com,Female,233.78.222.82
58,Andrey,Mellers,amellers1l@bloomberg.com,Male,28.188.79.156
59,Sunny,Houlden,shoulden1m@storify.com,Female,91.182.74.246
60,Mathew,Lark,mlark1n@chron.com,Male,2.181.30.38
61,Lita,Done,ldone1o@omniture.com,Female,186.212.63.17
62,Griswold,Strode,gstrode1p@rediff.com,Male,237.63.8.116
63,Mitchell,Churchward,mchurchward1q@i2i.jp,Male,85.118.166.126
64,Pet,Peperell,ppeperell1r@bizjournals.com,Female,63.242.109.85
65,Brock,Bottini,bbottini1s@devhub.com,Male,57.93.254.101
66,Gregg,Bidmead,gbidmead1t@indiatimes.com,Male,125.244.233.193
67,Muffin,Roches,mroches1u@taobao.com,Female,213.76.114.250
68,Tessa,Worstall,tworstall1v@nature.com,Female,53.164.202.67
69,Joye,Ockwell,jockwell1w@google.com.au,Female,155.141.240.0
70,Kalila,Ody,kody1x@bluehost.com,Female,186.44.205.187
71,Lindy,Earney,learney1y@spotify.com,Female,209.44.29.166
72,Dulsea,Spoward,dspoward1z@sciencedirect.com,Female,6.248.131.237
73,Trever,Climar,tclimar20@java.com,Male,97.193.239.181
74,Rory,Joslyn,rjoslyn21@google.pl,Male,160.54.224.85
75,Faustine,Duchesne,fduchesne22@amazon.co.uk,Female,36.242.164.9
76,Jordain,Jacobs,jjacobs23@technorati.com,Female,96.58.32.101
77,Inga,Skates,iskates24@hud.gov,Female,164.180.242.83
78,Darlene,Bachmann,dbachmann25@sitemeter.com,Female,106.132.166.160
79,Melessa,Gorch,mgorch26@earthlink.net,Female,242.92.64.242
80,Chrotoem,Baudet,cbaudet27@hud.gov,Male,5.221.219.164
81,Anna,Jakobssen,ajakobssen28@amazon.de,Female,27.25.131.175
82,Munroe,Dahlen,mdahlen29@bravesites.com,Male,199.19.179.25
83,Dorita,Joney,djoney2a@4shared.com,Female,45.235.220.69
84,Jacobo,Woodthorpe,jwoodthorpe2b@google.fr,Male,173.109.173.226
85,Rozanna,Hazelgreave,rhazelgreave2c@unblog.fr,Female,247.16.59.74
86,Cathlene,Matusson,cmatusson2d@amazon.co.uk,Female,107.48.237.253
87,Karon,Emeline,kemeline2e@va.gov,Female,91.94.47.123
88,Mallory,Tunnacliffe,mtunnacliffe2f@smugmug.com,Male,205.225.130.235
89,Kaiser,Slatcher,kslatcher2g@example.com,Male,198.91.136.94
90,Lynelle,Seemmonds,lseemmonds2h@wunderground.com,Female,143.37.172.245
91,Gunther,Gowar,ggowar2i@seattletimes.com,Male,191.184.182.114
92,Conway,Mackleden,cmackleden2j@imdb.com,Male,238.184.84.11
93,Tiebout,Gillingwater,tgillingwater2k@comcast.net,Male,243.3.230.84
94,Bourke,Bruneton,bbruneton2l@auda.org.au,Male,49.194.150.136
95,Noble,Authers,nauthers2m@usgs.gov,Male,101.120.186.232
96,Kandace,Baldick,kbaldick2n@taobao.com,Female,208.225.39.232
97,Giacopo,Gallimore,ggallimore2o@mit.edu,Male,117.56.71.9
98,Helyn,Kitchaside,hkitchaside2p@vistaprint.com,Female,36.216.29.153
99,Marshal,Hammett,mhammett2q@istockphoto.com,Male,127.244.124.161
100,Nicolis,Hows,nhows2r@google.ru,Male,170.253.3.170
101,Loise,Smallridge,lsmallridge2s@multiply.com,Female,233.185.148.210
102,Jo-ann,Allnatt,jallnatt2t@sitemeter.com,Female,167.124.169.134
103,Annamarie,Cardinal,acardinal2u@geocities.com,Female,221.19.240.159
104,Tamas,MacKaig,tmackaig2v@ning.com,Male,51.182.230.250
105,Matthiew,Eagles,meagles2w@theatlantic.com,Male,209.247.108.173
106,Hermon,Dobsons,hdobsons2x@adobe.com,Male,145.7.112.118
107,Shepherd,Glyn,sglyn2y@live.com,Male,202.239.108.200
108,Gustaf,McGrory,gmcgrory2z@wordpress.org,Male,123.235.138.89
109,Annabal,Cope,acope30@stanford.edu,Female,26.91.130.254
110,Cammi,Warham,cwarham31@census.gov,Female,97.133.131.75
111,Daile,Levens,dlevens32@bandcamp.com,Female,115.5.166.228
112,Rheba,Baudain,rbaudain33@twitpic.com,Female,163.122.107.107
113,Munroe,Collinette,mcollinette34@macromedia.com,Male,54.56.55.186
114,Annecorinne,Mead,amead35@zimbio.com,Female,218.228.233.87
115,Aila,Dirand,adirand36@bbc.co.uk,Female,122.253.203.195
116,Ari,Glanders,aglanders37@hp.com,Male,54.124.34.53
117,Mehetabel,Charlon,mcharlon38@redcross.org,Female,39.24.25.125
118,Jan,Skingle,jskingle39@ftc.gov,Male,238.216.77.222
119,Dannie,Tolhurst,dtolhurst3a@printfriendly.com,Female,137.10.108.86
120,Joelie,Hellen,jhellen3b@ibm.com,Female,235.39.178.245
121,Junette,Marton,jmarton3c@networksolutions.com,Female,181.234.140.195
122,Chas,Marielle,cmarielle3d@cbc.ca,Male,5.183.33.120
123,Editha,Moxon,emoxon3e@techcrunch.com,Female,251.151.123.118
124,Katy,Elders,kelders3f@cam.ac.uk,Female,219.189.106.6
125,Sonya,Arnecke,sarnecke3g@seattletimes.com,Female,64.65.94.71
126,Jeno,Attril,jattril3h@mit.edu,Male,186.67.221.52
127,Sigfried,Batram,sbatram3i@fastcompany.com,Male,221.160.29.84
128,Shirline,Penner,spenner3j@columbia.edu,Female,94.128.126.193
129,Geri,Ifill,gifill3k@fema.gov,Male,86.30.16.62
130,Gus,Bogaert,gbogaert3l@jigsy.com,Female,120.218.10.64
131,Aile,Kopps,akopps3m@deliciousdays.com,Female,17.133.3.28
132,Eve,Roch,eroch3n@plala.or.jp,Female,109.98.179.244
133,Alvinia,Dunbleton,adunbleton3o@forbes.com,Female,186.249.156.164
134,Eartha,Diaper,ediaper3p@chronoengine.com,Female,55.52.127.114
135,Rafi,Mullin,rmullin3q@gmpg.org,Male,19.223.201.60
136,Tandi,Rounding,trounding3r@youtu.be,Female,177.108.158.185
137,Emery,Mordin,emordin3s@issuu.com,Male,220.94.30.137
138,Sanderson,Semmence,ssemmence3t@wikipedia.org,Male,195.154.87.1
139,Harlin,Beckingham,hbeckingham3u@woothemes.com,Male,183.33.14.51
140,Elle,Baise,ebaise3v@bluehost.com,Female,107.74.237.111
141,Johnny,Woolliams,jwoolliams3w@comsenz.com,Male,30.91.238.121
142,Anders,Ringrose,aringrose3x@myspace.com,Male,118.204.44.58
143,Averil,Drake,adrake3y@smh.com.au,Female,225.171.10.42
144,Isabelita,Setford,isetford3z@marriott.com,Female,8.222.59.48
145,Flinn,Hollidge,fhollidge40@weather.com,Male,242.149.147.73
146,Riley,Thorowgood,rthorowgood41@facebook.com,Male,230.191.15.177
147,Faydra,Fumagalli,ffumagalli42@irs.gov,Female,28.20.194.201
148,Sidoney,De-Ville,sdeville43@jigsy.com,Female,247.153.131.42
149,Merline,Jaan,mjaan44@disqus.com,Female,250.24.37.154
150,Vergil,Wheatland,vwheatland45@sakura.ne.jp,Male,121.255.11.8
151,Candie,Baggelley,cbaggelley46@mozilla.org,Female,87.65.132.141
152,Timmie,Doneld,tdoneld47@skype.com,Male,91.126.175.85
153,Alicea,Pohling,apohling48@chron.com,Female,168.106.6.103
154,Caralie,Dounbare,cdounbare49@weebly.com,Female,142.1.233.218
155,Lorianna,Mingus,lmingus4a@uol.com.br,Female,231.179.217.68
156,Shayla,Scuffham,sscuffham4b@a8.net,Female,21.102.75.255
157,Godart,Skinn,gskinn4c@example.com,Male,171.226.85.111
158,Lanny,Dovinson,ldovinson4d@ocn.ne.jp,Female,74.61.7.126
159,Alissa,Hruska,ahruska4e@purevolume.com,Female,250.24.141.132
160,Juan,Erbain,jerbain4f@dmoz.org,Male,37.243.131.113
161,Wiley,Loyndon,wloyndon4g@posterous.com,Male,10.28.243.34
162,Carley,Balnaves,cbalnaves4h@ameblo.jp,Female,82.243.56.126
163,Karim,Kirley,kkirley4i@wsj.com,Male,78.108.185.49
164,Mercie,Beaconsall,mbeaconsall4j@huffingtonpost.com,Female,3.190.51.148
165,Alisa,Danzelman,adanzelman4k@fotki.com,Female,46.59.233.85
166,Geno,Byk,gbyk4l@disqus.com,Male,84.172.20.168
167,Donavon,Binton,dbinton4m@amazon.de,Male,115.226.220.31
168,Rene,Wabersich,rwabersich4n@europa.eu,Female,161.243.99.146
169,Licha,Glaves,lglaves4o@gmpg.org,Female,187.210.0.97
170,Merwyn,Gurrado,mgurrado4p@cornell.edu,Male,120.77.163.210
171,Modesty,Lindeboom,mlindeboom4q@about.com,Female,239.253.210.0
172,Dom,Whissell,dwhissell4r@un.org,Male,227.17.105.229
173,Windham,Wordesworth,wwordesworth4s@google.com,Male,190.112.72.160
174,Aylmar,McKeurtan,amckeurtan4t@bravesites.com,Male,118.100.21.186
175,Bryn,Handyside,bhandyside4u@google.cn,Male,240.220.40.242
176,Bianka,Proschek,bproschek4v@cbsnews.com,Female,101.167.251.181
177,Caleb,Wyss,cwyss4w@cpanel.net,Male,245.149.142.13
178,Cynthia,Delf,cdelf4x@si.edu,Female,141.35.163.134
179,Noby,Kauffman,nkauffman4y@a8.net,Male,125.241.18.102
180,Aura,Kearns,akearns4z@shinystat.com,Female,66.162.235.62
181,Michail,Haines,mhaines50@psu.edu,Male,37.234.140.56
182,Karel,Frontczak,kfrontczak51@jalbum.net,Female,145.236.67.159
183,Frederique,Nutbrown,fnutbrown52@pbs.org,Female,182.131.255.102
184,Oriana,Siddle,osiddle53@ovh.net,Female,133.221.1.60
185,Alli,Davioud,adavioud54@altervista.org,Female,250.142.180.167
186,Harriet,Facer,hfacer55@geocities.com,Female,86.166.200.193
187,Elvyn,Swinfen,eswinfen56@sphinn.com,Male,34.211.89.134
188,Babette,Casaccio,bcasaccio57@harvard.edu,Female,1.18.154.244
189,Gregorius,Noddles,gnoddles58@live.com,Male,77.17.99.10
190,Dalton,Wicher,dwicher59@cbc.ca,Male,250.199.104.25
191,Jeralee,Bickford,jbickford5a@nasa.gov,Female,57.249.210.62
192,Krisha,Heamus,kheamus5b@illinois.edu,Male,30.156.46.186
193,Lorrin,Rawlcliffe,lrawlcliffe5c@umn.edu,Female,134.8.154.177
194,Maressa,Witherby,mwitherby5d@dagondesign.com,Female,149.49.83.45
195,Davidde,Ridoutt,dridoutt5e@gnu.org,Male,79.241.21.180
196,Valene,Chatenet,vchatenet5f@stumbleupon.com,Female,36.44.15.87
197,Tami,Budgey,tbudgey5g@washington.edu,Female,135.104.51.72
198,Chastity,Reye,creye5h@mozilla.org,Female,13.217.45.162
199,Tiertza,Lehemann,tlehemann5i@washingtonpost.com,Female,12.162.145.17
200,Sinclair,Eastridge,seastridge5j@sphinn.com,Male,47.88.17.196
201,Cesya,Abrey,cabrey5k@blogs.com,Female,195.152.147.118
202,Shermy,Gray,sgray5l@engadget.com,Male,61.173.122.126
203,Otto,Whillock,owhillock5m@sciencedaily.com,Male,249.7.120.157
204,Budd,Colmore,bcolmore5n@stumbleupon.com,Male,142.211.4.188
205,Marnia,Durrant,mdurrant5o@goodreads.com,Female,159.35.28.88
206,Marylin,Jzak,mjzak5p@godaddy.com,Female,26.53.28.43
207,Court,Rau,crau5q@wordpress.org,Male,203.213.87.36
208,Bobby,Chillistone,bchillistone5r@eepurl.com,Female,172.194.151.196
209,Viki,Helstrip,vhelstrip5s@virginia.edu,Female,180.54.115.192
210,Marthena,Print,mprint5t@angelfire.com,Female,214.106.68.66
211,Ash,Cesco,acesco5u@hexun.com,Male,87.113.245.36
212,Emmanuel,Willmetts,ewillmetts5v@earthlink.net,Male,64.38.213.1
213,Calypso,Renvoys,crenvoys5w@odnoklassniki.ru,Female,16.229.122.239
214,Bo,De Roeck,bderoeck5x@tuttocitta.it,Male,162.138.254.11
215,Raoul,Rediers,rrediers5y@yandex.ru,Male,249.60.173.104
216,Kath,Apthorpe,kapthorpe5z@pagesperso-orange.fr,Female,207.100.238.30
217,Carolee,Sepey,csepey60@about.com,Female,135.51.201.157
218,Vidovic,Pont,vpont61@wikimedia.org,Male,82.162.81.66
219,Kalie,Hoffner,khoffner62@google.ca,Female,60.51.38.61
220,Wandis,Culvey,wculvey63@desdev.cn,Female,229.80.233.211
221,Gun,Skehan,gskehan64@furl.net,Male,90.151.94.209
222,Donni,Wolseley,dwolseley65@zdnet.com,Female,228.85.170.163
223,Vaughan,Ferrarini,vferrarini66@abc.net.au,Male,148.183.60.138
224,Billie,Thuillier,bthuillier67@unblog.fr,Female,93.50.226.116
225,Vivian,Pontin,vpontin68@ning.com,Female,170.114.30.159
226,Martha,Studde,mstudde69@unblog.fr,Female,13.126.107.76
227,Antoni,Andrichuk,aandrichuk6a@ftc.gov,Male,60.195.90.176
228,Piggy,Treanor,ptreanor6b@wiley.com,Male,71.200.229.103
229,Adelle,Nelmes,anelmes6c@myspace.com,Female,234.118.6.193
230,Eugenie,Allwright,eallwright6d@usgs.gov,Female,118.86.28.177
231,Coralie,Edmondson,cedmondson6e@netlog.com,Female,99.55.207.15
232,Artur,Cutmere,acutmere6f@artisteer.com,Male,95.243.2.11
233,Cicely,Sneaker,csneaker6g@istockphoto.com,Female,105.93.123.211
234,Carney,Foxwell,cfoxwell6h@youku.com,Male,200.222.79.12
235,Bert,O'Brogane,bobrogane6i@squidoo.com,Male,60.147.5.234
236,Carolee,Alvares,calvares6j@java.com,Female,10.188.54.79
237,Zaccaria,Harniman,zharniman6k@auda.org.au,Male,226.134.160.189
238,Grantham,Mort,gmort6l@storify.com,Male,128.72.92.38
239,Ambur,Jeynes,ajeynes6m@linkedin.com,Female,79.231.176.99
240,Mariska,Jerram,mjerram6n@marketwatch.com,Female,54.135.18.235
241,Arlinda,Galsworthy,agalsworthy6o@hibu.com,Female,169.160.61.219
242,Halie,Beevor,hbeevor6p@reddit.com,Female,33.106.148.210
243,Mattie,Beedell,mbeedell6q@facebook.com,Male,242.44.184.239
244,Jermain,Harbar,jharbar6r@topsy.com,Male,243.140.186.14
245,Alisander,Bass,abass6s@mozilla.com,Male,236.77.99.28
246,Mireille,Haccleton,mhaccleton6t@amazon.co.jp,Female,12.202.107.59
247,Vittorio,Scannell,vscannell6u@skyrock.com,Male,45.31.33.208
248,Zarah,Mossom,zmossom6v@narod.ru,Female,44.21.167.237
249,Glenna,Narey,gnarey6w@utexas.edu,Female,28.217.172.189
250,Florella,Maffiotti,fmaffiotti6x@homestead.com,Female,219.120.42.210
251,Inger,Ffrench,iffrench6y@wired.com,Male,136.93.25.92
252,Kaylee,Hemphill,khemphill6z@amazon.de,Female,224.94.41.139
253,Rowan,Argo,rargo70@ucoz.com,Male,2.163.74.116
254,Kaja,Paiton,kpaiton71@slideshare.net,Female,38.9.18.96
255,Ewell,Shinton,eshinton72@vistaprint.com,Male,236.146.235.24
256,Reagen,Butting,rbutting73@hc360.com,Male,250.133.147.230
257,Alden,Pampling,apampling74@squidoo.com,Male,231.224.153.36
258,Daniel,Herries,dherries75@alexa.com,Male,183.154.47.71
259,Wenonah,Gerauld,wgerauld76@behance.net,Female,129.34.56.205
260,Lyn,Thring,lthring77@naver.com,Female,40.24.197.89
261,Gallard,John,gjohn78@bing.com,Male,96.76.199.179
262,Alanah,Scandrite,ascandrite79@angelfire.com,Female,71.91.3.179
263,Marla,Satchel,msatchel7a@hostgator.com,Female,22.4.249.92
264,Cheri,O'Cannan,cocannan7b@google.pl,Female,93.201.201.229
265,Putnem,MacAnulty,pmacanulty7c@ed.gov,Male,127.157.116.203
266,Austine,Durrance,adurrance7d@sfgate.com,Female,16.125.254.33
267,Constantin,Blade,cblade7e@wired.com,Male,136.24.144.253
268,Jedd,Glendinning,jglendinning7f@alexa.com,Male,54.122.139.29
269,Ileane,Crab,icrab7g@tamu.edu,Female,165.194.206.26
270,Brig,Richarson,bricharson7h@desdev.cn,Male,204.84.196.148
271,Ambros,Aickin,aaickin7i@usatoday.com,Male,114.96.179.247
272,Ethelbert,Janssens,ejanssens7j@mapquest.com,Male,10.122.149.222
273,Jess,Lideard,jlideard7k@tmall.com,Female,72.242.90.25
274,Moreen,Adlem,madlem7l@time.com,Female,111.187.165.159
275,Phil,Vaudin,pvaudin7m@about.com,Male,39.202.133.32
276,Broddie,Oxtiby,boxtiby7n@wisc.edu,Male,91.156.219.152
277,Atlanta,Gorst,agorst7o@gravatar.com,Female,92.28.201.54
278,Artemus,Donaway,adonaway7p@princeton.edu,Male,60.186.171.25
279,Charleen,Loche,cloche7q@mail.ru,Female,15.42.127.142
280,Dag,Pestell,dpestell7r@jugem.jp,Male,249.40.80.194
281,Missie,Formilli,mformilli7s@ftc.gov,Female,196.152.203.232
282,Mandy,Swyer,mswyer7t@addthis.com,Female,227.99.144.53
283,Gilbert,McGiffie,gmcgiffie7u@nifty.com,Male,196.143.54.97
284,Ermentrude,Crow,ecrow7v@tamu.edu,Female,124.212.20.138
285,Siusan,Haggart,shaggart7w@accuweather.com,Female,243.244.152.238
286,Conney,Ollarenshaw,collarenshaw7x@webmd.com,Male,79.93.178.190
287,Amory,Ondrasek,aondrasek7y@twitter.com,Male,113.147.246.98
288,Darcy,Jubert,djubert7z@imageshack.us,Male,195.18.150.166
289,Bowie,Tschirschky,btschirschky80@so-net.ne.jp,Male,255.32.195.130
290,Hayyim,Wigginton,hwigginton81@tinypic.com,Male,161.220.139.18
291,Robbie,Witsey,rwitsey82@bizjournals.com,Male,217.218.180.29
292,Farrell,Seleway,fseleway83@skype.com,Male,238.210.28.48
293,Catriona,Maker,cmaker84@sourceforge.net,Female,162.127.126.2
294,Benni,Oleksinski,boleksinski85@ifeng.com,Female,157.67.212.52
295,Rhoda,Elsdon,relsdon86@irs.gov,Female,123.41.10.251
296,Zollie,Marsh,zmarsh87@kickstarter.com,Male,249.43.40.168
297,Willard,Willingam,wwillingam88@soup.io,Male,38.198.7.18
298,Giusto,Kentish,gkentish89@webmd.com,Male,55.230.66.78
299,Daisey,Peerless,dpeerless8a@com.com,Female,210.117.185.235
300,Adey,Rosenbaum,arosenbaum8b@smh.com.au,Female,6.230.160.117
301,Ammamaria,Hasell,ahasell8c@shutterfly.com,Female,224.226.240.212
302,Kippie,Brinsden,kbrinsden8d@hatena.ne.jp,Male,173.15.229.87
303,Elwira,Oley,eoley8e@de.vu,Female,63.224.196.65
304,Wayland,Demann,wdemann8f@aboutads.info,Male,45.237.138.117
305,Sybyl,Srutton,ssrutton8g@pinterest.com,Female,133.121.4.117
306,Kara-lynn,Delmonti,kdelmonti8h@npr.org,Female,48.122.160.25
307,Elisha,Asson,easson8i@theglobeandmail.com,Female,253.106.221.29
308,Gui,Gonet,ggonet8j@tinypic.com,Female,10.1.169.107
309,Wesley,Teresia,wteresia8k@oracle.com,Male,49.65.107.249
310,Doris,Frederick,dfrederick8l@hhs.gov,Female,183.53.156.248
311,Gilli,Guerrin,gguerrin8m@microsoft.com,Female,102.248.20.216
312,Tracie,Brumpton,tbrumpton8n@seattletimes.com,Male,170.199.141.220
313,Thorpe,Staker,tstaker8o@squarespace.com,Male,40.43.184.76
314,Cordy,Wilkisson,cwilkisson8p@weibo.com,Female,157.111.235.202
315,Benny,Rable,brable8q@trellian.com,Male,1.74.242.19
316,Giffer,Pays,gpays8r@hud.gov,Male,236.214.6.52
317,Emlyn,Bore,ebore8s@timesonline.co.uk,Female,106.221.205.248
318,Stesha,Henzer,shenzer8t@gnu.org,Female,146.73.252.41
319,Franklin,Beinisch,fbeinisch8u@cisco.com,Male,239.175.42.74
320,Gerhardine,Wigfield,gwigfield8v@wufoo.com,Female,172.86.225.176
321,Almeta,Roake,aroake8w@ucoz.ru,Female,31.23.18.250
322,Marthe,Aumerle,maumerle8x@instagram.com,Female,245.134.102.94
323,Virgie,Danhel,vdanhel8y@moonfruit.com,Male,33.115.127.75
324,Conrade,Mockett,cmockett8z@pen.io,Male,163.128.146.116
325,Virgina,Callar,vcallar90@vk.com,Female,137.162.22.227
326,Alvan,Farndon,afarndon91@wix.com,Male,254.149.217.188
327,Dehlia,Gabites,dgabites92@nasa.gov,Female,200.5.109.124
328,Merwyn,Duplock,mduplock93@discovery.com,Male,151.122.153.230
329,Tony,Caldecutt,tcaldecutt94@canalblog.com,Male,134.73.204.251
330,Ingelbert,Petracco,ipetracco95@mac.com,Male,223.160.98.217
331,Winnifred,Grigorini,wgrigorini96@utexas.edu,Female,55.217.68.81
332,Fletch,Tillot,ftillot97@umich.edu,Male,100.216.209.30
333,Ian,Hourihane,ihourihane98@webmd.com,Male,134.95.92.252
334,Delcina,Calladine,dcalladine99@artisteer.com,Female,201.227.249.33
335,Matty,Blayney,mblayney9a@alibaba.com,Male,169.9.108.7
336,Celle,Klemencic,cklemencic9b@mail.ru,Female,114.34.164.116
337,Eadie,Mantrip,emantrip9c@diigo.com,Female,187.201.115.56
338,Andrej,McRoberts,amcroberts9d@umn.edu,Male,125.102.0.216
339,Patsy,Scone,pscone9e@house.gov,Female,171.39.167.102
340,Loy,Mehew,lmehew9f@liveinternet.ru,Male,196.197.67.91
341,Kesley,Olczak,kolczak9g@jalbum.net,Female,187.167.86.206
342,Nevsa,Lamberti,nlamberti9h@psu.edu,Female,224.9.107.99
343,Terri-jo,Lally,tlally9i@ameblo.jp,Female,98.148.12.227
344,Corbett,Ingrey,cingrey9j@godaddy.com,Male,205.217.126.33
345,Willem,Shearwood,wshearwood9k@bravesites.com,Male,183.164.195.20
346,Renae,Allin,rallin9l@mediafire.com,Female,15.157.247.254
347,Rorie,Feedome,rfeedome9m@latimes.com,Female,177.224.12.187
348,Yancy,Yallop,yyallop9n@mapquest.com,Male,105.81.107.146
349,Hayyim,Haukey,hhaukey9o@bloomberg.com,Male,38.219.232.177
350,Sean,Gonin,sgonin9p@dell.com,Female,144.27.65.20
351,Reider,Wimbridge,rwimbridge9q@bing.com,Male,255.121.56.229
352,Celine,Meininking,cmeininking9r@live.com,Female,177.247.154.188
353,Padraig,Klejna,pklejna9s@list-manage.com,Male,126.223.111.221
354,Ebenezer,Arman,earman9t@google.nl,Male,168.60.145.144
355,Alisun,Artis,aartis9u@archive.org,Female,196.24.51.239
356,Coleman,Heaphy,cheaphy9v@slideshare.net,Male,196.110.53.50
357,Datha,MacKeller,dmackeller9w@ucsd.edu,Female,175.197.18.202
358,Ivonne,Burkinshaw,iburkinshaw9x@loc.gov,Female,205.22.115.37
359,Minnie,Attyeo,mattyeo9y@independent.co.uk,Female,88.182.30.248
360,Angelita,Please,aplease9z@123-reg.co.uk,Female,194.56.108.241
361,Maryl,Wollard,mwollarda0@soup.io,Female,207.13.74.42
362,Augustina,Bang,abanga1@bing.com,Female,24.36.71.186
363,Aylmer,Darke,adarkea2@apache.org,Male,172.33.48.107
364,Othella,Bierling,obierlinga3@elegantthemes.com,Female,209.177.161.109
365,Borg,McQuie,bmcquiea4@ameblo.jp,Male,252.207.15.55
366,Lucine,Acott,lacotta5@census.gov,Female,95.218.78.147
367,Imogen,Hedin,ihedina6@simplemachines.org,Female,40.201.205.199
368,Vincents,Reditt,vreditta7@discovery.com,Male,5.12.202.75
369,Guinna,Ipplett,gippletta8@xrea.com,Female,243.141.89.8
370,Georgie,Muncaster,gmuncastera9@gmpg.org,Female,124.158.253.130
371,Wilona,Pattinson,wpattinsonaa@smh.com.au,Female,7.212.232.36
372,Alleen,Wincott,awincottab@shop-pro.jp,Female,48.114.238.49
373,Nichols,Cray,ncrayac@seesaa.net,Male,77.214.169.85
374,Cammy,Avarne,cavarnead@dailymotion.com,Male,245.3.152.145
375,Taddeusz,Weinmann,tweinmannae@sun.com,Male,205.252.6.200
376,Frans,Fowlestone,ffowlestoneaf@usatoday.com,Male,63.56.195.173
377,Rosemaria,Hinksen,rhinksenag@wikispaces.com,Female,163.219.95.166
378,Claudie,Ellicott,cellicottah@istockphoto.com,Female,235.13.166.191
379,Orren,McKeller,omckellerai@salon.com,Male,24.219.138.248
380,Burt,Haet,bhaetaj@yale.edu,Male,252.28.158.203
381,Papageno,Janczewski,pjanczewskiak@ucoz.ru,Male,54.34.4.95
382,Nappy,O' Dooley,nodooleyal@ovh.net,Male,153.162.64.3
383,Enoch,Jozwicki,ejozwickiam@yolasite.com,Male,91.34.47.203
384,Misty,Heijne,mheijnean@house.gov,Female,241.129.240.37
385,Devlen,Drivers,ddriversao@hubpages.com,Male,11.49.13.3
386,Sean,Doorey,sdooreyap@cbsnews.com,Male,19.65.243.228
387,Barn,Kroll,bkrollaq@cornell.edu,Male,4.135.236.247
388,Auberon,Dearman,adearmanar@ifeng.com,Male,155.170.92.43
389,Hester,Peskin,hpeskinas@about.com,Female,76.12.255.211
390,Amie,Fridaye,afridayeat@state.gov,Female,100.146.216.90
391,Marji,Whimp,mwhimpau@devhub.com,Female,94.149.13.171
392,Marji,Djordjevic,mdjordjevicav@soup.io,Female,82.253.71.124
393,Fabien,Orringe,forringeaw@exblog.jp,Male,189.207.66.146
394,Sally,Jump,sjumpax@imgur.com,Female,26.204.57.229
395,Janaya,Pickring,jpickringay@usgs.gov,Female,103.174.14.56
396,Callida,Clements,cclementsaz@facebook.com,Female,172.149.108.63
397,Jewelle,Malimoe,jmalimoeb0@berkeley.edu,Female,86.217.11.29
398,Rorie,Raittie,rraittieb1@wordpress.com,Female,189.214.169.171
399,Dori,Fritschmann,dfritschmannb2@newyorker.com,Female,31.202.133.18
400,Wren,Goodlett,wgoodlettb3@google.de,Female,62.143.196.237
401,Alexei,Elgee,aelgeeb4@go.com,Male,192.210.49.10
402,Susanetta,Curle,scurleb5@purevolume.com,Female,83.26.78.168
403,Beatrisa,Marr,bmarrb6@accuweather.com,Female,130.66.207.123
404,Northrup,Bittlestone,nbittlestoneb7@comsenz.com,Male,248.155.33.42
405,Hort,Macauley,hmacauleyb8@earthlink.net,Male,178.101.56.138
406,Ruggiero,Bamell,rbamellb9@webeden.co.uk,Male,117.63.136.3
407,Dee,Kochlin,dkochlinba@example.com,Female,227.35.12.181
408,Kevan,McAuslene,kmcauslenebb@google.de,Male,192.62.141.69
409,Keefe,Deeprose,kdeeprosebc@cbslocal.com,Male,121.53.210.8
410,Locke,Rudram,lrudrambd@cpanel.net,Male,38.62.242.40
411,Leopold,Simounet,lsimounetbe@google.ru,Male,150.137.198.88
412,Errick,Sandeson,esandesonbf@51.la,Male,171.49.232.75
413,Osbourne,Moorcraft,omoorcraftbg@istockphoto.com,Male,195.31.110.177
414,Valaria,Wiggam,vwiggambh@bizjournals.com,Female,237.197.219.210
415,Dahlia,Voyce,dvoycebi@tripod.com,Female,148.38.118.11
416,Nat,Arons,naronsbj@marriott.com,Male,208.107.165.148
417,Piper,McWaters,pmcwatersbk@npr.org,Female,184.157.218.95
418,Brantley,Levens,blevensbl@webmd.com,Male,217.115.245.49
419,Ricky,Abramov,rabramovbm@ehow.com,Male,156.158.159.127
420,Clary,Ortell,cortellbn@seesaa.net,Female,240.164.47.40
421,Antonius,Coche,acochebo@hatena.ne.jp,Male,220.54.79.97
422,Aurore,Craythorne,acraythornebp@typepad.com,Female,244.147.22.222
423,Paco,Bish,pbishbq@dion.ne.jp,Male,211.53.92.20
424,Kelsey,Rosenwald,krosenwaldbr@360.cn,Male,228.168.211.184
425,Igor,Fouracre,ifouracrebs@umn.edu,Male,38.249.198.136
426,Nels,Meaden,nmeadenbt@google.com.au,Male,28.41.237.162
427,Thalia,Docharty,tdochartybu@redcross.org,Female,251.49.242.252
428,Cassie,Wines,cwinesbv@arstechnica.com,Female,57.103.184.89
429,Valeda,Wasmuth,vwasmuthbw@ning.com,Female,71.130.1.89
430,Salli,Alexsandrovich,salexsandrovichbx@about.me,Female,2.195.61.206
431,Barron,Stoyles,bstoylesby@msn.com,Male,23.217.184.146
432,Alfy,Carlisle,acarlislebz@kickstarter.com,Female,4.42.212.45
433,Loraine,Brommage,lbrommagec0@dedecms.com,Female,77.158.48.97
434,Nealon,Paulmann,npaulmannc1@utexas.edu,Male,101.104.84.115
435,Marv,Woodyatt,mwoodyattc2@psu.edu,Male,61.115.81.127
436,Louis,MacCarrane,lmaccarranec3@thetimes.co.uk,Male,17.251.158.88
437,Bellanca,Baggiani,bbaggianic4@nifty.com,Female,108.167.49.73
438,Edvard,Gronous,egronousc5@bloglovin.com,Male,184.60.86.30
439,Free,Dollman,fdollmanc6@icq.com,Male,23.102.145.64
440,Letisha,Bispo,lbispoc7@constantcontact.com,Female,252.198.238.65
441,Glory,Lethcoe,glethcoec8@mayoclinic.com,Female,56.48.104.1
442,Art,Folkerts,afolkertsc9@hexun.com,Male,186.168.88.148
443,Gina,Toffts,gtofftsca@cafepress.com,Female,8.13.224.76
444,Nobie,Spiers,nspierscb@wp.com,Male,29.61.223.100
445,Dukey,Sheeres,dsheerescc@boston.com,Male,105.89.245.160
446,Ninnette,Scatchar,nscatcharcd@unc.edu,Female,78.150.159.38
447,Linc,Shutle,lshutlece@etsy.com,Male,59.2.8.124
448,Frederick,Betje,fbetjecf@fastcompany.com,Male,164.193.42.39
449,Angelina,Glencross,aglencrosscg@friendfeed.com,Female,72.23.220.250
450,Barclay,Laingmaid,blaingmaidch@pcworld.com,Male,37.201.51.65
451,Deane,de Chastelain,ddechastelainci@dyndns.org,Male,233.65.200.142
452,Hazel,Dalgety,hdalgetycj@slate.com,Female,8.78.137.157
453,Dalila,Drysdall,ddrysdallck@pbs.org,Female,33.238.28.95
454,Lorain,Dutson,ldutsoncl@cbc.ca,Female,40.229.233.12
455,Preston,Cowins,pcowinscm@surveymonkey.com,Male,28.0.76.3
456,Loria,Dun,lduncn@goo.ne.jp,Female,89.62.234.15
457,Seka,Toombes,stoombesco@dell.com,Female,221.82.34.84
458,Abelard,McPherson,amcphersoncp@a8.net,Male,212.97.80.19
459,Mair,Feron,mferoncq@macromedia.com,Female,233.177.120.109
460,Gwen,Josephoff,gjosephoffcr@prweb.com,Female,143.75.231.78
461,Raven,Southon,rsouthoncs@e-recht24.de,Female,113.101.214.38
462,Isahella,Denne,idennect@360.cn,Female,134.116.4.251
463,Harlene,Cantos,hcantoscu@businesswire.com,Female,144.253.87.73
464,Nickie,Veart,nveartcv@un.org,Male,195.161.62.50
465,Indira,Rayman,iraymancw@nih.gov,Female,40.108.111.133
466,Nike,Rampage,nrampagecx@washingtonpost.com,Female,194.12.26.236
467,Euell,Van Der Weedenburg,evanderweedenburgcy@nih.gov,Male,247.149.37.120
468,Herve,Moreinis,hmoreiniscz@woothemes.com,Male,75.101.217.89
469,Lindsey,Eisikowitch,leisikowitchd0@nps.gov,Male,162.164.62.229
470,Hurlee,Vany,hvanyd1@chicagotribune.com,Male,164.205.218.183
471,Silvester,Carde,scarded2@nba.com,Male,3.27.69.70
472,Catherin,Allonby,callonbyd3@un.org,Female,235.251.224.205
473,Allin,Wick,awickd4@ca.gov,Male,181.130.159.49
474,Wendy,Kilvington,wkilvingtond5@uiuc.edu,Female,205.176.32.181
475,Claudia,Filtness,cfiltnessd6@odnoklassniki.ru,Female,152.112.39.52
476,Meier,Ream,mreamd7@washingtonpost.com,Male,119.83.34.32
477,Auberta,Etty,aettyd8@wp.com,Female,1.76.74.13
478,Ewell,Kintish,ekintishd9@dmoz.org,Male,165.64.211.34
479,Thorny,Brislen,tbrislenda@ucoz.ru,Male,60.218.216.117
480,Tristan,Baulk,tbaulkdb@yahoo.com,Male,243.29.39.96
481,Dene,Worvell,dworvelldc@yale.edu,Male,135.61.140.114
482,Bertrand,Berthelet,bbertheletdd@jiathis.com,Male,137.56.104.26
483,Jorge,Dreinan,jdreinande@arstechnica.com,Male,34.183.228.149
484,Rainer,Winkless,rwinklessdf@buzzfeed.com,Male,202.67.179.24
485,Corbin,Tawton,ctawtondg@usgs.gov,Male,31.138.211.23
486,Latia,Bozworth,lbozworthdh@tumblr.com,Female,12.101.156.167
487,Jacquelin,Coase,jcoasedi@phoca.cz,Female,183.106.141.182
488,Patricia,Hatherleigh,phatherleighdj@cam.ac.uk,Female,33.108.81.96
489,Candide,Scripture,cscripturedk@hao123.com,Female,215.170.17.45
490,Geoff,Gregorio,ggregoriodl@fda.gov,Male,36.181.92.184
491,Barton,Brandt,bbrandtdm@bizjournals.com,Male,13.144.80.184
492,Stephine,Shearman,sshearmandn@fc2.com,Female,241.243.188.100
493,Brendan,Linck,blinckdo@blog.com,Male,105.217.172.27
494,Nil,Fortie,nfortiedp@hc360.com,Male,4.216.229.162
495,Cairistiona,Mapham,cmaphamdq@eventbrite.com,Female,160.212.185.149
496,Timothee,Awin,tawindr@google.fr,Male,3.111.210.220
497,Chan,Dunn,cdunnds@printfriendly.com,Male,126.27.3.179
498,Eddie,McInally,emcinallydt@mediafire.com,Male,144.28.89.167
499,Alejandro,Gelsthorpe,agelsthorpedu@constantcontact.com,Male,88.32.232.117
500,Sollie,Ferrie,sferriedv@alexa.com,Male,33.119.252.227
501,Aldin,Willatt,awillattdw@lulu.com,Male,74.85.1.139
502,Hortensia,Sheldrick,hsheldrickdx@usatoday.com,Female,85.254.190.157
503,Gonzalo,McHugh,gmchughdy@twitpic.com,Male,25.18.85.113
504,Caroljean,Lapthorne,clapthornedz@imgur.com,Female,85.111.237.215
505,Bank,Trundler,btrundlere0@digg.com,Male,195.133.230.186
506,Twyla,Bricknall,tbricknalle1@dropbox.com,Female,24.120.118.221
507,Thaine,Witherington,twitheringtone2@go.com,Male,67.145.190.2
508,Herbie,Trillo,htrilloe3@newsvine.com,Male,157.27.223.133
509,Eustace,Basham,ebashame4@google.nl,Male,5.167.35.178
510,Devina,Egre,degree5@deliciousdays.com,Female,240.20.120.107
511,Hilarius,Boshell,hboshelle6@archive.org,Male,44.42.69.234
512,Horatia,Diess,hdiesse7@patch.com,Female,76.36.184.193
513,Arlyne,Rallinshaw,arallinshawe8@google.pl,Female,86.83.144.198
514,Jessi,Russon,jrussone9@oracle.com,Female,106.235.47.125
515,Vite,Colwill,vcolwillea@jalbum.net,Male,79.46.159.192
516,Kitti,Haddick,khaddickeb@wix.com,Female,72.193.181.34
517,Dedra,Acome,dacomeec@craigslist.org,Female,207.211.133.205
518,Darius,Bikker,dbikkered@typepad.com,Male,151.178.73.116
519,Angele,Spensly,aspenslyee@topsy.com,Female,188.139.161.93
520,Vera,Oxborough,voxboroughef@diigo.com,Female,197.129.7.42
521,Rhetta,Feragh,rferagheg@japanpost.jp,Female,88.15.49.13
522,Belvia,Glowacz,bglowaczeh@yolasite.com,Female,158.27.157.41
523,Neala,Nance,nnanceei@narod.ru,Female,133.136.199.38
524,Keefe,MacCorley,kmaccorleyej@google.pl,Male,123.217.98.7
525,Nara,Lies,nliesek@reddit.com,Female,144.191.187.88
526,Ax,Tallyn,atallynel@dagondesign.com,Male,217.120.157.175
527,Alene,Romke,aromkeem@webeden.co.uk,Female,117.52.116.163
528,Kevina,Ruslinge,kruslingeen@sciencedirect.com,Female,121.113.81.39
529,Ellery,Blenkharn,eblenkharneo@gravatar.com,Male,62.65.70.95
530,Cody,Matyja,cmatyjaep@cisco.com,Male,165.6.195.9
531,Erwin,Bathow,ebathoweq@zdnet.com,Male,203.233.224.5
532,Kandace,Kirtland,kkirtlander@aboutads.info,Female,209.87.214.173
533,Rudolph,Ollett,rollettes@china.com.cn,Male,32.248.32.86
534,Yardley,Butterly,ybutterlyet@unblog.fr,Male,165.118.39.140
535,Margo,Weine,mweineeu@yahoo.co.jp,Female,255.8.203.203
536,Dunstan,Dews,ddewsev@mayoclinic.com,Male,17.144.96.252
537,Maisey,Carthew,mcarthewew@cocolog-nifty.com,Female,17.65.15.82
538,Retha,Weepers,rweepersex@pen.io,Female,225.172.200.95
539,Eberto,Broadwell,ebroadwelley@altervista.org,Male,157.157.125.201
540,Madel,Trunks,mtrunksez@deliciousdays.com,Female,202.253.114.211
541,Stoddard,Wasielewicz,swasielewiczf0@shinystat.com,Female,107.220.63.145
542,Gloriane,Haliburton,ghaliburtonf1@hp.com,Female,77.78.230.65
543,Adrian,Blunsom,ablunsomf2@bloomberg.com,Female,97.218.197.206
544,Lamar,Dubock,ldubockf3@china.com.cn,Male,42.15.146.20
545,Pierce,Wynch,pwynchf4@desdev.cn,Male,7.239.31.20
546,Vernon,Clappison,vclappisonf5@cargocollective.com,Male,158.93.187.47
547,Adeline,Patington,apatingtonf6@slate.com,Female,110.232.118.212
548,Chryste,Lyttle,clyttlef7@miibeian.gov.cn,Female,120.126.145.46
549,Damien,Kelwick,dkelwickf8@hhs.gov,Male,232.254.128.88
550,Alfonse,Boat,aboatf9@is.gd,Male,82.122.143.32
551,Matthaeus,Blant,mblantfa@businessinsider.com,Male,16.8.101.87
552,Fidela,Sandcroft,fsandcroftfb@freewebs.com,Female,22.235.35.172
553,Randene,Shills,rshillsfc@scientificamerican.com,Female,119.124.215.171
554,Filide,Ettery,fetteryfd@amazon.co.jp,Female,25.86.133.179
555,Karin,Lude,kludefe@sourceforge.net,Female,162.108.236.15
556,Basil,Moizer,bmoizerff@de.vu,Male,252.113.199.40
557,Yorke,Bellingham,ybellinghamfg@geocities.jp,Male,194.157.19.247
558,Janean,Birdis,jbirdisfh@hexun.com,Female,141.217.223.29
559,Nye,Ollivierre,nollivierrefi@geocities.com,Male,136.183.202.51
560,Tallie,Courtliff,tcourtlifffj@netlog.com,Male,73.30.201.128
561,Johnna,Croal,jcroalfk@craigslist.org,Female,123.7.10.219
562,Emory,Torfin,etorfinfl@google.es,Male,252.15.59.16
563,Desi,Tomkies,dtomkiesfm@accuweather.com,Male,140.211.83.250
564,Milzie,Chantrell,mchantrellfn@berkeley.edu,Female,117.64.72.206
565,Benton,Wint,bwintfo@live.com,Male,168.217.200.250
566,Carlina,Arran,carranfp@umn.edu,Female,155.245.131.113
567,Yorker,Phizacklea,yphizackleafq@wikia.com,Male,95.194.7.104
568,Ulric,Shaylor,ushaylorfr@home.pl,Male,191.100.49.144
569,Sheridan,Dunleavy,sdunleavyfs@weather.com,Male,212.207.255.8
570,Torrie,Langdridge,tlangdridgeft@hud.gov,Female,11.179.211.104
571,Garvey,Whysall,gwhysallfu@youtu.be,Male,117.179.21.227
572,Grata,Mulqueeny,gmulqueenyfv@dell.com,Female,35.198.14.229
573,Pearle,Spitell,pspitellfw@usda.gov,Female,31.209.73.169
574,Zacharia,Peyton,zpeytonfx@shutterfly.com,Male,29.92.159.156
575,Quint,Stanbrooke,qstanbrookefy@macromedia.com,Male,9.195.28.74
576,Janaya,Strethill,jstrethillfz@free.fr,Female,234.127.97.103
577,Jacquenetta,Goodwyn,jgoodwyng0@flickr.com,Female,116.161.249.116
578,Lyon,Gorrissen,lgorrisseng1@gravatar.com,Male,220.114.61.226
579,Curtis,Dominichelli,cdominichellig2@comcast.net,Male,83.138.4.43
580,Pavia,Kerr,pkerrg3@ebay.co.uk,Female,140.233.117.55
581,Rozele,Clell,rclellg4@altervista.org,Female,77.70.58.45
582,Stevy,Eilert,seilertg5@latimes.com,Male,76.51.62.222
583,Brittani,Smurfit,bsmurfitg6@latimes.com,Female,82.245.141.105
584,Amelina,Nielson,anielsong7@ucsd.edu,Female,29.203.217.246
585,Zarla,Oxer,zoxerg8@typepad.com,Female,86.234.18.178
586,Noach,Cocozza,ncocozzag9@oaic.gov.au,Male,148.33.239.47
587,Felicle,Purcer,fpurcerga@last.fm,Female,128.164.117.138
588,Bernadine,Demetr,bdemetrgb@dion.ne.jp,Female,91.140.226.37
589,Ermentrude,Decourcy,edecourcygc@multiply.com,Female,254.158.217.172
590,Lavina,Girk,lgirkgd@wsj.com,Female,53.89.79.58
591,Lacy,Dedrick,ldedrickge@berkeley.edu,Female,136.202.72.67
592,Leia,Keam,lkeamgf@istockphoto.com,Female,151.124.62.82
593,Marietta,McCooke,mmccookegg@bbc.co.uk,Female,89.230.2.103
594,Vyky,Gerhts,vgerhtsgh@vinaora.com,Female,166.227.170.36
595,Mallory,Cake,mcakegi@miibeian.gov.cn,Female,56.224.52.74
596,Gabi,Tipper,gtippergj@feedburner.com,Female,226.70.239.107
597,Lorenza,Blest,lblestgk@reference.com,Female,125.193.21.55
598,Tami,Comins,tcominsgl@printfriendly.com,Female,211.54.108.240
599,Chicky,Lang,clanggm@icio.us,Female,77.103.184.26
600,Sylvester,Clavey,sclaveygn@hexun.com,Male,111.67.185.187
601,Laverne,Toffts,ltofftsgo@qq.com,Female,228.142.223.246
602,Garvey,Duling,gdulinggp@virginia.edu,Male,183.204.5.5
603,Mateo,Sawney,msawneygq@constantcontact.com,Male,14.165.72.84
604,Kare,Hardaway,khardawaygr@google.com.au,Female,135.45.246.55
605,Dwain,Dutteridge,ddutteridgegs@princeton.edu,Male,89.63.112.170
606,Anson,Watmore,awatmoregt@hp.com,Male,219.251.199.61
607,Ardelia,Cundict,acundictgu@youtube.com,Female,146.141.148.234
608,Drew,Starkings,dstarkingsgv@ft.com,Male,89.64.94.201
609,Kissee,Chamberlaine,kchamberlainegw@java.com,Female,17.122.234.34
610,Alfie,Rayhill,arayhillgx@soup.io,Male,188.252.134.53
611,Analiese,Bakhrushkin,abakhrushkingy@ft.com,Female,220.230.38.62
612,Reinhold,Grabham,rgrabhamgz@dot.gov,Male,78.163.159.204
613,Gael,Filipson,gfilipsonh0@sfgate.com,Female,131.181.170.152
614,Colene,Mebs,cmebsh1@un.org,Female,235.204.27.170
615,Dane,Kerbler,dkerblerh2@theguardian.com,Male,166.217.137.188
616,Launce,Ripper,lripperh3@icio.us,Male,210.77.237.167
617,Patience,Walewicz,pwalewiczh4@google.cn,Female,209.21.94.184
618,Andrus,Chevolleau,achevolleauh5@engadget.com,Male,248.58.5.217
619,Emmett,Strothers,estrothersh6@who.int,Male,7.54.233.231
620,Shannon,Bello,sbelloh7@ezinearticles.com,Female,87.225.46.111
621,Tommy,Johantges,tjohantgesh8@sphinn.com,Male,146.64.210.214
622,Lurline,Rosoni,lrosonih9@wp.com,Female,87.48.79.105
623,Tersina,O'Mahoney,tomahoneyha@amazon.co.jp,Female,23.238.176.209
624,Denys,Dy,ddyhb@fastcompany.com,Male,183.218.30.53
625,Anatola,Hadye,ahadyehc@ftc.gov,Female,213.175.60.3
626,Audy,Ryott,aryotthd@quantcast.com,Female,243.233.203.228
627,Nelle,Grundon,ngrundonhe@nasa.gov,Female,217.245.30.96
628,Armstrong,McGoogan,amcgooganhf@github.com,Male,44.53.67.56
629,Ruddy,Cavilla,rcavillahg@nih.gov,Male,62.163.235.77
630,Kaylil,Djorvic,kdjorvichh@columbia.edu,Female,62.112.63.85
631,Audie,Domonkos,adomonkoshi@mysql.com,Female,23.79.16.213
632,Penny,Chitson,pchitsonhj@edublogs.org,Female,252.200.60.236
633,Gerti,Erington,geringtonhk@cpanel.net,Female,100.86.227.150
634,Agathe,Towll,atowllhl@wikimedia.org,Female,45.227.135.133
635,Eula,Perico,epericohm@homestead.com,Female,157.99.194.72
636,Thalia,Sandey,tsandeyhn@issuu.com,Female,237.40.67.22
637,Olin,Earl,oearlho@va.gov,Male,245.128.85.242
638,Camellia,Phalp,cphalphp@epa.gov,Female,253.246.219.138
639,Stafford,Crutchley,scrutchleyhq@youtube.com,Male,107.81.4.82
640,Timothee,Mattityahou,tmattityahouhr@earthlink.net,Male,223.123.138.149
641,Elyssa,Porch,eporchhs@e-recht24.de,Female,3.230.39.214
642,Jacques,Awcock,jawcockht@nbcnews.com,Male,21.206.76.189
643,Zared,Bernardot,zbernardothu@thetimes.co.uk,Male,70.111.115.125
644,Akim,Blaza,ablazahv@sakura.ne.jp,Male,77.126.223.213
645,Birch,Teck,bteckhw@princeton.edu,Male,172.230.103.11
646,Liliane,Febvre,lfebvrehx@dedecms.com,Female,102.177.92.116
647,Wanda,Pooke,wpookehy@purevolume.com,Female,16.79.210.63
648,Sabine,Manvell,smanvellhz@artisteer.com,Female,0.1.200.166
649,Annetta,Adriaens,aadriaensi0@live.com,Female,42.17.203.161
650,Matthus,Pinyon,mpinyoni1@cocolog-nifty.com,Male,143.175.186.119
651,Vidovic,Bene,vbenei2@geocities.com,Male,21.232.115.129
652,Francesca,Aubrey,faubreyi3@omniture.com,Female,121.65.90.229
653,Silvio,Witcherley,switcherleyi4@tiny.cc,Male,186.38.198.40
654,Douglass,Burrell,dburrelli5@privacy.gov.au,Male,23.100.7.61
655,Caye,Danaher,cdanaheri6@zimbio.com,Female,184.66.115.241
656,Addison,Creddon,acreddoni7@walmart.com,Male,95.96.92.170
657,Maribelle,Linklater,mlinklateri8@issuu.com,Female,69.105.140.186
658,Geoffry,Skillen,gskilleni9@netvibes.com,Male,79.194.27.237
659,Tyrone,Vinas,tvinasia@slashdot.org,Male,213.224.168.111
660,Emelina,Stonestreet,estonestreetib@prnewswire.com,Female,177.10.191.173
661,Mayne,Gylle,mgylleic@ning.com,Male,226.182.232.69
662,Malcolm,Dawby,mdawbyid@china.com.cn,Male,16.8.83.93
663,Marjorie,Hollidge,mhollidgeie@example.com,Female,147.93.45.159
664,Bette-ann,Lafferty,blaffertyif@yellowpages.com,Female,182.162.133.207
665,Zebulon,Matisse,zmatisseig@mapy.cz,Male,97.138.139.170
666,Inessa,Chessman,ichessmanih@cocolog-nifty.com,Female,84.234.171.93
667,Charmaine,Cuseck,ccuseckii@unc.edu,Female,240.172.211.239
668,Dominica,Dayly,ddaylyij@google.com,Female,215.166.148.211
669,Davy,Warrior,dwarriorik@wiley.com,Male,170.8.177.9
670,Ally,Broadey,abroadeyil@deliciousdays.com,Female,61.140.127.61
671,Gar,Bestman,gbestmanim@hugedomains.com,Male,112.253.198.247
672,Mirna,Bladen,mbladenin@imageshack.us,Female,195.173.236.107
673,Ninette,Rowesby,nrowesbyio@tumblr.com,Female,184.47.134.11
674,Lesli,Pendle,lpendleip@opera.com,Female,138.73.53.9
675,Winne,Leslie,wleslieiq@squidoo.com,Female,61.142.225.43
676,Nollie,Jencey,njenceyir@pagesperso-orange.fr,Female,128.172.214.180
677,Storm,Lloyd,slloydis@cdbaby.com,Female,67.82.187.46
678,Ikey,Norster,inorsterit@ebay.co.uk,Male,183.168.116.19
679,Frankie,Fryman,ffrymaniu@cloudflare.com,Female,155.171.39.50
680,Kenn,Peirson,kpeirsoniv@shinystat.com,Male,145.80.230.37
681,Michelle,Kirgan,mkirganiw@accuweather.com,Female,38.71.148.36
682,Gerladina,Liebrecht,gliebrechtix@timesonline.co.uk,Female,214.180.143.54
683,Alfy,Phalp,aphalpiy@plala.or.jp,Male,104.39.126.7
684,Lyndy,Haslen,lhasleniz@disqus.com,Female,36.19.34.160
685,Indira,Gleave,igleavej0@barnesandnoble.com,Female,60.28.158.6
686,Darlleen,Klehyn,dklehynj1@nbcnews.com,Female,96.0.78.209
687,Manfred,Pawley,mpawleyj2@latimes.com,Male,65.147.189.226
688,Quintilla,Bitchener,qbitchenerj3@infoseek.co.jp,Female,28.111.29.132
689,Arlie,Pearson,apearsonj4@mac.com,Female,39.162.15.208
690,Mozelle,Owlner,mowlnerj5@boston.com,Female,147.20.248.240
691,Martie,Balderston,mbalderstonj6@printfriendly.com,Female,111.254.43.30
692,Cy,Gue,cguej7@marriott.com,Male,141.134.144.167
693,Sebastien,Frise,sfrisej8@bluehost.com,Male,61.204.36.84
694,Jecho,Babinski,jbabinskij9@unc.edu,Male,238.96.35.77
695,Caitlin,Thorneywork,cthorneyworkja@wufoo.com,Female,48.114.59.114
696,Wally,Hair,whairjb@google.com.au,Female,81.31.190.245
697,Jessie,Crumly,jcrumlyjc@friendfeed.com,Male,238.254.34.169
698,Omar,Brighty,obrightyjd@cbslocal.com,Male,249.249.150.76
699,Quinlan,Kirwan,qkirwanje@ning.com,Male,180.238.183.80
700,Cicely,Esplin,cesplinjf@google.it,Female,219.128.85.232
701,Bobbie,Lorden,blordenjg@wikipedia.org,Female,254.97.137.80
702,Bing,Provis,bprovisjh@toplist.cz,Male,104.100.141.171
703,Flossi,Greedier,fgreedierji@google.com.br,Female,35.152.196.240
704,Stavro,Billie,sbilliejj@mlb.com,Male,58.188.165.163
705,Lucretia,De Beauchemp,ldebeauchempjk@nyu.edu,Female,129.106.201.2
706,Ricky,Vallance,rvallancejl@google.co.uk,Male,57.141.221.134
707,Kerby,Emmines,kemminesjm@youku.com,Male,48.106.0.130
708,Fax,Jewer,fjewerjn@yahoo.com,Male,190.193.147.5
709,Gonzales,Iron,gironjo@parallels.com,Male,57.200.52.16
710,Giselbert,Speare,gspearejp@ezinearticles.com,Male,15.225.76.126
711,Henri,Spittal,hspittaljq@washingtonpost.com,Male,251.91.1.250
712,Vilhelmina,Ashfold,vashfoldjr@mayoclinic.com,Female,5.107.121.221
713,Benn,Buddell,bbuddelljs@unesco.org,Male,102.186.151.247
714,Scarlett,Pickup,spickupjt@loc.gov,Female,49.4.165.19
715,Oberon,Swannell,oswannellju@dailymail.co.uk,Male,63.118.5.84
716,Ryon,Locket,rlocketjv@sakura.ne.jp,Male,126.161.138.23
717,Foss,Drinkeld,fdrinkeldjw@cbsnews.com,Male,83.177.141.204
718,Luci,Vondrach,lvondrachjx@theguardian.com,Female,110.2.153.236
719,Jordain,Fenech,jfenechjy@microsoft.com,Female,118.186.215.203
720,Gwendolyn,Elsworth,gelsworthjz@prnewswire.com,Female,197.133.69.0
721,Thomasine,Bleasdille,tbleasdillek0@nbcnews.com,Female,141.148.83.190
722,Shay,Pressnell,spressnellk1@marketwatch.com,Male,253.124.223.84
723,Shawn,Inston,sinstonk2@qq.com,Male,59.52.49.247
724,Sebastian,Oldam,soldamk3@friendfeed.com,Male,250.41.132.79
725,Bernarr,Hawkeridge,bhawkeridgek4@mit.edu,Male,124.87.105.28
726,Park,Jzhakov,pjzhakovk5@rediff.com,Male,253.151.71.117
727,Padgett,Anlay,panlayk6@posterous.com,Male,58.228.196.85
728,Micki,Queste,mquestek7@chronoengine.com,Female,161.243.68.169
729,Dukie,Pendock,dpendockk8@devhub.com,Male,209.200.217.152
730,Wilhelm,Hourihan,whourihank9@goodreads.com,Male,153.218.25.53
731,Ravid,Flacknoe,rflacknoeka@nbcnews.com,Male,206.192.11.244
732,Georas,Hayhurst,ghayhurstkb@smugmug.com,Male,139.132.244.97
733,Josh,Zecchinii,jzecchiniikc@vk.com,Male,99.110.242.228
734,Christen,Stukings,cstukingskd@ibm.com,Female,157.131.68.142
735,Niccolo,Bonnesen,nbonnesenke@tamu.edu,Male,8.117.230.49
736,Teddi,Poole,tpoolekf@craigslist.org,Female,181.122.93.172
737,Kerwinn,Hickisson,khickissonkg@comsenz.com,Male,225.28.82.245
738,Lilllie,McGillivray,lmcgillivraykh@com.com,Female,78.27.26.218
739,Sula,Tewkesberry,stewkesberryki@dell.com,Female,141.185.112.113
740,Gus,Makiver,gmakiverkj@google.co.jp,Female,167.134.31.160
741,Grantham,Laslett,glaslettkk@google.co.uk,Male,234.84.212.208
742,Chev,Brisard,cbrisardkl@oakley.com,Male,31.95.129.136
743,Rafi,Weinmann,rweinmannkm@unesco.org,Male,60.50.79.169
744,Niki,Bleakman,nbleakmankn@webnode.com,Female,5.236.124.187
745,Ned,Bunnell,nbunnellko@loc.gov,Male,165.151.0.115
746,Teri,Fritchly,tfritchlykp@cnet.com,Female,0.38.241.107
747,Shermie,Northin,snorthinkq@istockphoto.com,Male,194.135.179.47
748,Nelly,Lacey,nlaceykr@skype.com,Female,89.117.42.98
749,Gram,Rhydderch,grhydderchks@state.tx.us,Male,11.60.113.70
750,Merwin,Larter,mlarterkt@wix.com,Male,226.16.13.112
751,Kurt,Rawood,krawoodku@marketwatch.com,Male,41.184.163.57
752,Nariko,enzley,nenzleykv@cnbc.com,Female,183.230.132.195
753,Rodrique,Confort,rconfortkw@deliciousdays.com,Male,84.219.247.246
754,Saundra,Swiffin,sswiffinkx@free.fr,Male,115.189.133.60
755,Reid,Edleston,redlestonky@histats.com,Male,110.106.189.94
756,Valentine,Westwater,vwestwaterkz@blogs.com,Male,58.30.13.237
757,Jewell,Ruvel,jruvell0@pbs.org,Female,111.236.6.128
758,Darren,Bussen,dbussenl1@nature.com,Male,166.155.213.206
759,Brennen,Waggatt,bwaggattl2@prlog.org,Male,206.242.34.123
760,Wylma,Jarrett,wjarrettl3@vinaora.com,Female,167.7.247.228
761,Arabella,Leaves,aleavesl4@rakuten.co.jp,Female,14.193.199.97
762,Hamish,Kachel,hkachell5@uol.com.br,Male,21.178.63.56
763,Loralyn,Dinley,ldinleyl6@rediff.com,Female,170.13.176.95
764,Giacopo,Coleiro,gcoleirol7@nhs.uk,Male,169.47.14.30
765,Annaliese,Gierok,agierokl8@imdb.com,Female,213.251.246.91
766,Elisabet,Marflitt,emarflittl9@etsy.com,Female,20.69.24.57
767,Cammie,Menear,cmenearla@apache.org,Female,161.196.235.100
768,Yves,Hablot,yhablotlb@unc.edu,Male,77.155.128.29
769,Spense,Arrault,sarraultlc@usgs.gov,Male,1.219.72.47
770,Codi,Dumbleton,cdumbletonld@slashdot.org,Male,4.4.172.224
771,Fara,Henrion,fhenrionle@ftc.gov,Female,100.165.24.246
772,Madelyn,Laxtonne,mlaxtonnelf@vinaora.com,Female,187.191.130.144
773,Martina,Prantoni,mprantonilg@sbwire.com,Female,162.163.11.157
774,Gare,McLice,gmclicelh@examiner.com,Male,153.122.28.85
775,Marena,Thies,mthiesli@hibu.com,Female,7.211.60.78
776,Page,Maty,pmatylj@ustream.tv,Female,135.177.186.201
777,Andrea,Peerman,apeermanlk@wisc.edu,Male,176.13.67.191
778,Adolpho,Gatman,agatmanll@phoca.cz,Male,160.110.44.28
779,Annelise,Messham,amesshamlm@fda.gov,Female,141.101.213.187
780,Tiffy,Celli,tcelliln@hugedomains.com,Female,20.118.87.55
781,Mattie,Fullegar,mfullegarlo@canalblog.com,Male,241.226.146.111
782,Mill,McCurley,mmccurleylp@samsung.com,Male,96.254.232.146
783,Cecelia,Gedney,cgedneylq@dot.gov,Female,225.154.69.118
784,Nicki,Georger,ngeorgerlr@ifeng.com,Female,166.39.62.198
785,Tommie,Sykes,tsykesls@aol.com,Female,187.225.243.39
786,Barnie,Renton,brentonlt@newsvine.com,Male,236.57.111.112
787,Stevana,Gadeaux,sgadeauxlu@fastcompany.com,Female,187.198.35.167
788,Gustie,Romanini,gromaninilv@godaddy.com,Female,207.250.21.133
789,Hinda,Cornfoot,hcornfootlw@comcast.net,Female,60.79.119.49
790,Starlene,Seabourne,sseabournelx@topsy.com,Female,225.175.217.185
791,Geralda,Braganca,gbragancaly@com.com,Female,4.110.22.98
792,Sterne,Mattessen,smattessenlz@army.mil,Male,130.108.118.209
793,Clayborn,Monkeman,cmonkemanm0@lycos.com,Male,60.79.60.1
794,Lorin,Manthorpe,lmanthorpem1@ovh.net,Male,183.180.37.18
795,Hill,Fluin,hfluinm2@soundcloud.com,Male,105.121.219.182
796,Nicola,McKenzie,nmckenziem3@istockphoto.com,Male,158.94.109.144
797,Trumaine,Ahrendsen,tahrendsenm4@bloglines.com,Male,239.52.32.223
798,Maurise,Keemar,mkeemarm5@dot.gov,Male,240.64.101.65
799,Kelcey,Marmon,kmarmonm6@spiegel.de,Female,255.63.190.247
800,Minette,Compston,mcompstonm7@posterous.com,Female,72.63.199.54
801,Veronique,Bazoche,vbazochem8@devhub.com,Female,254.255.46.231
802,Dominga,Simants,dsimantsm9@discovery.com,Female,165.172.144.236
803,Aubrie,Askie,aaskiema@homestead.com,Female,36.226.207.228
804,Celestia,Spreull,cspreullmb@tiny.cc,Female,242.214.130.164
805,Carlene,Dabbes,cdabbesmc@guardian.co.uk,Female,33.2.232.138
806,Dredi,Ferreo,dferreomd@devhub.com,Female,196.205.100.44
807,Garret,Silvermann,gsilvermannme@cdbaby.com,Male,54.163.32.106
808,Denys,Conichie,dconichiemf@e-recht24.de,Male,225.240.195.184
809,Caritta,Denekamp,cdenekampmg@google.ca,Female,195.144.245.100
810,Kent,Belle,kbellemh@canalblog.com,Male,200.95.209.119
811,Rutter,Risson,rrissonmi@blogs.com,Male,213.118.228.124
812,Mirelle,Pinches,mpinchesmj@soundcloud.com,Female,136.141.247.174
813,Elisha,Cregg,ecreggmk@umn.edu,Male,141.40.64.35
814,Annadiana,Late,alateml@cornell.edu,Female,177.244.95.146
815,Jeannette,D'Alessandro,jdalessandromm@acquirethisname.com,Female,14.107.46.177
816,Sisile,Eaken,seakenmn@harvard.edu,Female,174.96.75.12
817,Lev,Scupham,lscuphammo@sogou.com,Male,125.49.207.8
818,Amandi,Dreng,adrengmp@reverbnation.com,Female,185.101.37.135
819,Diena,Whiskin,dwhiskinmq@wikipedia.org,Female,161.223.27.110
820,Ulrick,Treace,utreacemr@jigsy.com,Male,163.163.197.117
821,Kareem,Wooddisse,kwooddissems@icq.com,Male,55.157.56.111
822,Nickola,Garron,ngarronmt@123-reg.co.uk,Male,202.10.156.87
823,Ida,Bonifazio,ibonifaziomu@adobe.com,Female,31.128.215.37
824,Theo,Tregidgo,ttregidgomv@virginia.edu,Female,237.214.153.46
825,Vonny,Sterzaker,vsterzakermw@vkontakte.ru,Female,106.72.0.138
826,Ninetta,Well,nwellmx@mapquest.com,Female,8.57.164.174
827,Katharine,Murdoch,kmurdochmy@java.com,Female,127.166.148.183
828,Donall,Neave,dneavemz@de.vu,Male,156.69.14.142
829,Dell,Chasmar,dchasmarn0@discovery.com,Female,60.54.185.185
830,Andras,Petr,apetrn1@rediff.com,Male,219.119.18.35
831,Debera,Sharpless,dsharplessn2@google.pl,Female,89.162.9.12
832,Levin,Matteucci,lmatteuccin3@webmd.com,Male,108.109.62.22
833,Alysia,Capeling,acapelingn4@scribd.com,Female,169.218.127.79
834,Barnabas,Chaim,bchaimn5@marketwatch.com,Male,27.174.27.28
835,Rowan,Stowgill,rstowgilln6@samsung.com,Male,212.225.210.72
836,Cayla,Kitchen,ckitchenn7@buzzfeed.com,Female,236.69.20.131
837,Ailina,Barnfather,abarnfathern8@360.cn,Female,101.220.150.56
838,Tore,Roscoe,troscoen9@marriott.com,Male,215.69.92.211
839,Dannel,Baty,dbatyna@tripadvisor.com,Male,212.70.146.43
840,Oby,Billingham,obillinghamnb@4shared.com,Male,106.72.152.168
841,Shane,Duligall,sduligallnc@exblog.jp,Female,47.105.182.51
842,Inger,Ruffler,irufflernd@sbwire.com,Female,119.43.74.10
843,Jaymee,Gussin,jgussinne@foxnews.com,Female,86.200.75.115
844,Romain,McClarence,rmcclarencenf@vimeo.com,Male,166.119.73.62
845,Dana,Vernall,dvernallng@ustream.tv,Female,162.55.97.251
846,Garold,Feeny,gfeenynh@twitpic.com,Male,48.192.210.143
847,Welby,Habbert,whabbertni@ask.com,Male,213.187.138.156
848,Stacia,Tureville,sturevillenj@intel.com,Female,233.187.13.202
849,Patsy,Caldes,pcaldesnk@japanpost.jp,Male,192.184.59.169
850,Hervey,Longfield,hlongfieldnl@slideshare.net,Male,184.49.66.148
851,Lulu,Snozzwell,lsnozzwellnm@shop-pro.jp,Female,80.130.96.140
852,Averill,Makiver,amakivernn@infoseek.co.jp,Male,207.215.94.246
853,Tana,Ibbs,tibbsno@sciencedirect.com,Female,45.144.4.118
854,Trisha,Klugel,tklugelnp@wikipedia.org,Female,237.82.121.193
855,Frances,Swales,fswalesnq@printfriendly.com,Female,24.158.156.35
856,Teodora,Crayker,tcraykernr@topsy.com,Female,194.158.123.96
857,Shanda,Howland,showlandns@biglobe.ne.jp,Female,24.34.167.52
858,Cassondra,Hardeman,chardemannt@epa.gov,Female,45.75.129.62
859,Innis,Bending,ibendingnu@tmall.com,Male,220.102.129.205
860,Blaire,Kach,bkachnv@npr.org,Female,154.168.163.221
861,Arlyn,Solly,asollynw@unicef.org,Female,113.92.188.95
862,Kory,Blogg,kbloggnx@unesco.org,Male,205.156.228.193
863,Billye,Valenti,bvalentiny@sphinn.com,Female,110.34.76.207
864,Leon,Caghy,lcaghynz@bluehost.com,Male,9.210.52.190
865,Noelle,Sent,nsento0@altervista.org,Female,48.126.225.181
866,Giacobo,Bernette,gbernetteo1@ucoz.com,Male,108.194.29.102
867,Bengt,Twentyman,btwentymano2@miibeian.gov.cn,Male,171.137.156.185
868,Nanine,Ogles,nogleso3@salon.com,Female,143.153.15.140
869,Bradly,Threadgall,bthreadgallo4@ycombinator.com,Male,253.191.147.150
870,Hestia,Leighfield,hleighfieldo5@wikispaces.com,Female,163.18.158.89
871,Aube,Beaby,abeabyo6@odnoklassniki.ru,Male,30.69.131.137
872,Chere,Gilbeart,cgilbearto7@wunderground.com,Female,214.70.192.78
873,Harper,Castagnier,hcastagniero8@usatoday.com,Male,136.40.100.92
874,Merell,Ettridge,mettridgeo9@bloglines.com,Male,53.173.38.0
875,Saba,Caskie,scaskieoa@ft.com,Female,146.243.240.190
876,Aldon,Blakemore,ablakemoreob@cpanel.net,Male,203.198.105.63
877,Todd,Britto,tbrittooc@imdb.com,Male,172.101.125.226
878,Brit,Rutley,brutleyod@cdc.gov,Male,124.234.227.228
879,Abbe,Vlasenko,avlasenkooe@stanford.edu,Male,153.174.70.43
880,Pinchas,McDiarmid,pmcdiarmidof@bloglovin.com,Male,91.230.144.10
881,Cortie,Tingcomb,ctingcombog@mit.edu,Male,208.202.44.183
882,Indira,Leedal,ileedaloh@hp.com,Female,135.42.23.216
883,Rheba,Morrieson,rmorriesonoi@cornell.edu,Female,157.125.207.77
884,Billy,Galland,bgallandoj@bluehost.com,Male,210.45.238.240
885,Malena,Jeroch,mjerochok@quantcast.com,Female,6.193.184.127
886,Harald,Jozsa,hjozsaol@myspace.com,Male,253.53.160.140
887,Pauline,Meeking,pmeekingom@360.cn,Female,197.200.66.193
888,Elspeth,Holyard,eholyardon@cbc.ca,Female,254.118.128.187
889,Collete,Oke,cokeoo@paypal.com,Female,133.187.119.156
890,Marlene,Maffetti,mmaffettiop@phpbb.com,Female,87.74.221.164
891,Lorin,Bullimore,lbullimoreoq@gravatar.com,Male,214.147.71.36
892,Tiffy,Batham,tbathamor@comcast.net,Female,102.168.29.73
893,Del,Warbey,dwarbeyos@rediff.com,Female,2.48.25.192
894,Tildi,Rubee,trubeeot@census.gov,Female,33.15.117.166
895,Audrie,Nevin,anevinou@delicious.com,Female,144.123.200.228
896,Nichole,Upcraft,nupcraftov@over-blog.com,Male,171.95.24.17
897,Felisha,Masurel,fmasurelow@typepad.com,Female,73.137.72.69
898,Mella,Job,mjobox@lycos.com,Female,36.98.202.221
899,Electra,Ascraft,eascraftoy@slideshare.net,Female,148.212.204.117
900,Samantha,Bramwell,sbramwelloz@cloudflare.com,Female,115.45.209.39
901,Anastasie,Alltimes,aalltimesp0@fc2.com,Female,61.65.79.118
902,Kaleb,Boynton,kboyntonp1@examiner.com,Male,91.112.109.245
903,Lezley,Farge,lfargep2@linkedin.com,Male,67.27.193.198
904,Harlie,Pingston,hpingstonp3@ezinearticles.com,Female,202.21.81.78
905,Fairleigh,Manion,fmanionp4@huffingtonpost.com,Male,45.80.28.235
906,Celestine,McGriffin,cmcgriffinp5@mozilla.com,Female,204.103.184.125
907,Seth,Denty,sdentyp6@umich.edu,Male,33.5.233.250
908,Pier,Wong,pwongp7@ezinearticles.com,Female,237.74.174.157
909,Fax,Landell,flandellp8@ameblo.jp,Male,158.111.202.156
910,Dillie,Bristo,dbristop9@economist.com,Male,250.99.25.82
911,Alayne,Phizaclea,aphizacleapa@skype.com,Female,9.114.6.60
912,Jeffrey,Goulder,jgoulderpb@wikipedia.org,Male,20.221.51.224
913,Cilka,Lawlie,clawliepc@nymag.com,Female,83.250.223.37
914,Felicio,Caldaro,fcaldaropd@weibo.com,Male,227.219.79.42
915,Ramsey,Alelsandrovich,ralelsandrovichpe@usatoday.com,Male,21.236.81.193
916,Trixi,Kalinsky,tkalinskypf@bloglovin.com,Female,6.107.240.159
917,Raychel,Mollitt,rmollittpg@pinterest.com,Female,251.247.234.255
918,Wolf,Wison,wwisonph@weather.com,Male,161.83.147.223
919,Rogerio,Gilstoun,rgilstounpi@netlog.com,Male,133.80.80.50
920,Justino,Gaish,jgaishpj@ehow.com,Male,26.177.8.142
921,Malynda,Potte,mpottepk@google.com,Female,9.189.213.64
922,Travis,Hazeley,thazeleypl@sourceforge.net,Male,206.164.38.251
923,Estell,Witham,ewithampm@edublogs.org,Female,79.159.120.204
924,Eugenio,Siderfin,esiderfinpn@abc.net.au,Male,171.155.254.198
925,Hugibert,Dreakin,hdreakinpo@1688.com,Male,94.44.206.166
926,Benedikt,Mundwell,bmundwellpp@wired.com,Male,169.255.71.103
927,Coleen,Mertin,cmertinpq@harvard.edu,Female,196.255.80.14
928,Lia,Loughnan,lloughnanpr@wikia.com,Female,196.12.68.238
929,Candie,Treasaden,ctreasadenps@java.com,Female,166.130.160.27
930,Dmitri,Butrimovich,dbutrimovichpt@linkedin.com,Male,157.116.121.11
931,L;urette,Pattrick,lpattrickpu@homestead.com,Female,196.113.245.140
932,Kira,Bertwistle,kbertwistlepv@java.com,Female,205.246.168.133
933,Beryle,Ivakhin,bivakhinpw@people.com.cn,Female,100.70.176.230
934,Isiahi,Rainard,irainardpx@sphinn.com,Male,178.216.174.135
935,Jacquelyn,Le Pine,jlepinepy@flickr.com,Female,72.49.157.109
936,Lev,Curnock,lcurnockpz@sphinn.com,Male,27.68.154.113
937,Delmor,Huckin,dhuckinq0@globo.com,Male,243.27.106.28
938,Carline,Facey,cfaceyq1@oakley.com,Female,189.41.38.167
939,May,Haughan,mhaughanq2@123-reg.co.uk,Female,101.184.159.220
940,Nicolis,Drance,ndranceq3@state.gov,Male,233.13.254.88
941,Avram,Gunton,aguntonq4@indiegogo.com,Male,57.244.177.227
942,Hermann,Barwack,hbarwackq5@discuz.net,Male,95.215.78.40
943,Hube,Bartolomeotti,hbartolomeottiq6@bloomberg.com,Male,121.72.122.177
944,Natalina,Giabucci,ngiabucciq7@purevolume.com,Female,113.69.41.131
945,Cinnamon,Mew,cmewq8@va.gov,Female,115.128.91.149
946,Herbert,Rosenfrucht,hrosenfruchtq9@canalblog.com,Male,99.120.222.48
947,Agnola,Menere,amenereqa@weather.com,Female,167.251.231.243
948,Patrizio,Smales,psmalesqb@illinois.edu,Male,23.247.160.220
949,Mellisent,McEniry,mmceniryqc@ox.ac.uk,Female,28.28.113.86
950,Hamlen,Mundie,hmundieqd@theguardian.com,Male,242.21.211.129
951,Lora,Ambrogiotti,lambrogiottiqe@aboutads.info,Female,112.62.64.172
952,Farlee,Danbi,fdanbiqf@exblog.jp,Male,111.253.249.161
953,Giraud,Lanon,glanonqg@g.co,Male,36.85.251.208
954,Elga,Gaines,egainesqh@earthlink.net,Female,110.90.33.191
955,Lita,Chedgey,lchedgeyqi@theatlantic.com,Female,235.77.231.26
956,Orion,Bowhay,obowhayqj@google.ca,Male,87.25.63.255
957,Bondie,Kingescot,bkingescotqk@issuu.com,Male,92.242.10.178
958,Paolo,Domesday,pdomesdayql@aboutads.info,Male,16.95.41.139
959,Sheelagh,Staton,sstatonqm@newyorker.com,Female,13.215.92.203
960,Chevalier,Stonebridge,cstonebridgeqn@pcworld.com,Male,197.175.62.63
961,Judye,Withull,jwithullqo@t-online.de,Female,103.230.69.68
962,Rosalind,Thrustle,rthrustleqp@go.com,Female,246.6.88.131
963,Gareth,Labeuil,glabeuilqq@si.edu,Male,8.2.36.190
964,Sergeant,Nevett,snevettqr@github.io,Male,157.154.125.110
965,Arturo,Cleugher,acleugherqs@com.com,Male,16.21.164.46
966,Willdon,Yarranton,wyarrantonqt@time.com,Male,174.68.27.109
967,Saunderson,Cortese,scortesequ@ted.com,Male,42.106.193.94
968,Krissie,Grandin,kgrandinqv@github.io,Female,118.210.45.136
969,Darcie,Pritchard,dpritchardqw@desdev.cn,Female,63.242.75.249
970,Davita,Galilee,dgalileeqx@sphinn.com,Female,101.118.98.238
971,Weider,Turville,wturvilleqy@ezinearticles.com,Male,111.148.147.84
972,Sholom,Nairy,snairyqz@booking.com,Male,37.67.240.23
973,Phillis,Colliard,pcolliardr0@hatena.ne.jp,Female,174.162.174.95
974,Orbadiah,Jarmyn,ojarmynr1@army.mil,Male,147.161.117.175
975,Coletta,Wycliff,cwycliffr2@cbsnews.com,Female,252.118.167.5
976,Cornela,Beames,cbeamesr3@europa.eu,Female,22.132.178.148
977,Waite,Ducker,wduckerr4@forbes.com,Male,29.237.225.74
978,Karissa,Brackley,kbrackleyr5@sourceforge.net,Female,27.2.47.249
979,Artur,Brunelli,abrunellir6@bigcartel.com,Male,239.166.231.73
980,Georgetta,Samarth,gsamarthr7@smugmug.com,Female,111.66.46.195
981,Farrand,Wards,fwardsr8@wikipedia.org,Female,54.156.164.55
982,Courtnay,Scardifield,cscardifieldr9@printfriendly.com,Female,29.200.195.120
983,Becka,Dunsford,bdunsfordra@mapy.cz,Female,228.188.30.110
984,Essy,Mostyn,emostynrb@google.es,Female,142.192.213.55
985,Fanya,Le Port,fleportrc@hibu.com,Female,196.231.151.119
986,Kalli,Eastwell,keastwellrd@slideshare.net,Female,11.185.112.118
987,Alexandre,Sysland,asyslandre@si.edu,Male,64.208.8.72
988,Cristi,Swinnard,cswinnardrf@livejournal.com,Female,84.84.253.76
989,My,Tukesby,mtukesbyrg@artisteer.com,Male,62.138.226.19
990,Bastien,Heake,bheakerh@unblog.fr,Male,113.197.154.39
991,Lisha,Candie,lcandieri@huffingtonpost.com,Female,227.35.23.236
992,Elinor,Kinman,ekinmanrj@jiathis.com,Female,66.127.241.54
993,Alexi,Heads,aheadsrk@statcounter.com,Female,12.252.219.220
994,Coralie,Whittle,cwhittlerl@businessweek.com,Female,124.50.157.132
995,Phineas,Franzoli,pfranzolirm@a8.net,Male,22.246.88.223
996,Kirsten,Bennet,kbennetrn@bandcamp.com,Female,80.108.37.237
997,Ericha,Wheowall,ewheowallro@diigo.com,Female,140.54.113.13
998,Jammal,Birts,jbirtsrp@tamu.edu,Male,6.133.75.79
999,Fannie,Grangier,fgrangierrq@spiegel.de,Female,72.210.84.56
1000,Rollo,Raecroft,rraecroftrr@wunderground.com,Male,93.130.12.228
